YPF,Tenaris,Telecom,PetrAR,PampaE,B.Gal,B.Fran,Siderar,EDN,COME,B.Macro,PetrBR,Aluar
78,135,13.5,2.96,0.83,3.65,9.25,1.25,0.61,0.41,10.15,62.05,2.03
75,136.8,12.65,2.77,0.88,3.26,8.3,1.27,0.66,0.4,9.3,66.4,2.06
68,130,13.2,2.75,0.9,3.33,8.55,1.23,0.58,0.41,9.8,65,2.2
72.6,128,13.5,3,0.89,3.49,8.6,1.26,0.62,0.44,9.7,72,2.21
74.3,129,13.6,2.94,0.93,3.41,8.45,1.29,0.63,0.51,9.26,72.7,2.26
76.4,122.5,12.8,2.82,0.86,3.41,8.2,1.29,0.63,0.54,9,72.9,2.22
79.2,125.7,13.15,2.82,0.9,3.62,8.7,1.33,0.61,0.57,9.25,72.3,2.2
78.3,125,12.8,2.8,0.9,3.59,8.5,1.36,0.62,0.55,8.75,72,2.27
79,129,13.5,2.82,0.95,3.73,9.1,1.41,0.71,0.59,9.33,71.9,2.37
82.1,130,12.7,2.93,0.92,3.6,8.6,1.43,0.7,0.62,9,72,2.42
85.2,132.5,13.45,2.8,0.94,3.89,9.65,1.45,0.71,0.62,9.9,74,2.34
82.95,140.5,13.6,5.76,0.97,3.61,8.55,1.51,0.71,0.58,9.03,75.7,2.31
83.5,136.95,12.5,5.2,0.98,3.21,7.53,1.32,0.72,0.59,8.6,70.5,2.24
80.8,136,14.65,5.35,1.02,3.21,7.6,1.43,0.71,0.6,8.16,67.85,2.49
82.45,136,15.25,5.4,1.08,3.27,7.65,1.53,0.78,0.62,8.29,70.85,2.5
77.5,134.7,15.65,5.69,1.06,3.3,8.01,1.48,0.71,0.61,8.8,71.5,2.49
75.3,128.55,15.2,5.76,1.06,3.24,8.2,1.52,0.74,0.61,8.8,66.9,2.52
76.8,133.5,15.15,5.75,1.11,3.12,7.6,1.54,0.78,0.61,8.13,65.45,2.58
81.6,128.9,15.3,5.6,1.13,3.13,7.7,1.63,0.85,0.63,8.05,67.85,2.7
82.6,123,15.3,5.55,1.15,2.97,7.55,1.69,0.81,0.64,8.08,66,2.65
83,119,15.5,5.37,1.11,3.01,7.42,1.65,0.74,0.69,8.15,65.5,2.54
86.9,115.2,15.55,5.39,1.14,2.94,7.5,1.72,0.77,0.68,8.1,65.35,2.65
81,114,15.45,5.07,1.08,3.04,7.55,1.71,0.7,0.63,8.35,61.3,2.66
77.5,109.45,15.7,5.15,1.1,3.07,7.69,1.71,0.66,0.64,8.35,65.2,2.72
75.05,107,14.6,5.35,1.09,2.91,7.5,1.63,0.7,0.63,8.1,61.9,2.65
76.5,100,14.9,5.05,1.06,2.85,7.32,1.6,0.69,0.63,7.85,60.5,2.71
81.5,96.5,15,5.48,1.12,2.89,7.7,1.6,0.71,0.59,8,60.5,2.57
84,101.6,15.4,5.67,1.17,3.1,8.35,1.65,0.76,0.62,8.58,61,2.72
73.5,97.95,14.5,5.65,1.12,2.78,7.55,1.35,0.66,0.61,8.25,58.7,2.34
87,99,15.2,5.85,1.33,2.95,8.4,1.33,0.73,0.67,8.8,57.8,2.4
85.5,99.5,15.1,6.08,1.36,2.88,8.1,1.25,0.63,0.65,8.21,60.1,2.26
76,103.8,16.15,6,1.39,2.98,8.6,1.32,0.65,0.69,8.25,63.5,2.37
79,95.5,16.2,6.59,1.57,3.06,9.05,1.35,0.72,0.72,8.79,65.45,2.3
121,96,18,6.4,1.66,3.22,10.25,1.54,0.94,0.74,9.23,65,2.48
118,98.5,18.25,6.3,1.69,3.15,10.2,1.59,0.96,0.79,9.35,65.5,2.5
147,99.6,18.6,6.95,1.77,3.4,10.5,1.74,1.04,0.81,10.25,68.6,2.65
143.9,100.2,18.8,6.7,1.75,3.43,10.25,1.73,1.03,0.85,10.85,69,2.75
137.5,104.4,18.7,6.53,1.95,3.51,10.15,1.73,1.14,0.89,10.5,69.75,2.92
132,99.3,17.6,6.4,1.94,3.26,9.4,1.79,1.2,0.84,9.5,68.1,2.76
141,97.5,18.25,6.87,2.01,3.54,10,1.88,1.34,0.82,10,72.25,2.74
159,97.15,18.4,7.22,2.02,3.5,9.75,1.82,1.39,0.69,10.4,71.8,2.78
156.5,96,19.1,7.26,2.02,3.61,9.89,1.92,1.34,0.62,10.9,70.6,2.83
162,93.25,19.2,7.2,2.03,3.45,9.8,2.03,1.43,0.56,10.4,71,2.88
154,88,20,7.3,2.02,3.61,9.75,1.97,1.45,0.65,11.4,71.75,3
180.5,89,19.5,7.35,2.05,3.5,9.5,1.87,1.46,0.65,11.5,68.95,3
182,92.5,19.85,7.15,2.09,3.7,10.1,1.95,1.52,0.62,11.9,69,3.12
170,91,18.65,6.6,2.07,3.42,9.4,1.91,1.5,0.58,10.85,66.5,2.89
172,91.2,18.3,6.65,2.12,3.61,9.87,1.99,1.65,0.6,10.65,61.7,3
167.55,86.7,17,6.19,1.96,2.86,7.95,1.73,1.41,0.59,9.45,57.5,2.6
164,87.95,17.25,6,1.93,2.88,7.95,1.73,1.34,0.52,9.4,59.5,2.6
156,83,17.5,6,1.96,3,8,1.75,1.41,0.53,9.4,59.5,2.56
157,85.7,17.2,5.9,2.05,3.14,8.1,1.77,1.4,0.56,9.55,63,2.6
162.5,89.25,18.15,6.29,2.16,3.4,8.7,1.88,1.52,0.58,10,65,2.7
153.8,74,16.65,6.15,2.11,3.21,8.15,1.7,1.44,0.57,9,57.05,2.48
164,78.5,16.75,6.4,2.1,3.3,8.6,1.69,1.52,0.59,9,60.5,2.56
170,85.6,18.2,6.39,2.26,3.85,9.6,1.82,1.75,0.63,10.4,65.15,2.81
154,83.9,19.4,6.7,2.4,3.89,10,1.78,1.89,0.6,9.77,64.5,3.03
167,81.95,20.15,6.9,2.54,4.5,11,2.09,1.99,0.65,11.1,65.4,3.19
178.5,71.5,19.8,7.1,2.49,4.65,11.1,1.93,1.89,0.65,11.15,58.6,3
178,68,18.5,6.7,2.31,4.45,9.96,1.87,1.62,0.63,10.5,56,2.88
171,63,16.95,6.2,2.08,3.84,8.5,1.58,1.34,0.56,9.4,52,2.68
173.4,59.5,17.5,6.3,2.17,3.91,8.8,1.64,1.4,0.6,9.5,50,2.67
164.5,60.8,17.5,6.7,2.08,4.1,9.23,1.69,1.44,0.65,10,53,2.81
175,68,18.2,7.3,2.15,4.55,10.45,1.85,1.56,0.7,10.7,57.5,2.99
168,66.5,18.25,7.12,2.17,4.6,10.3,1.92,1.65,0.71,10.25,58.5,3.03
168,69.4,19.9,7.4,2.11,4.85,10.8,2.04,1.62,0.78,11,59,3.09
172,71.1,20.65,7.4,2.17,5.27,11.55,2.54,1.68,0.73,12.3,61.2,3.3
163,70,19.95,7.2,2.12,5.22,11.5,2.38,1.58,0.65,12.05,59.5,3.26
166,74.5,20.3,7.5,2.22,5.65,12.4,2.35,1.85,0.74,13,63,3.33
162,75,20.3,7.6,2.18,5.47,12.4,2.27,1.95,0.62,13,62,3.33
181,94,21.65,8.4,2.5,6.11,14,2.67,2.14,0.76,14.8,70.8,3.69
182,98,21.9,8.1,2.46,6.18,13.6,2.59,2,0.77,15.05,71,3.75
181.75,93,21.65,8.05,2.54,5.98,13.8,2.5,2.05,0.8,15.6,69,3.77
194.5,95.5,22.15,8.3,2.7,6.18,14.4,2.56,2.2,0.82,16.4,71.25,3.91
190.45,97,22.5,8.35,2.6,5.89,14.7,2.45,2.12,0.87,16.35,73.45,3.81
181,94.7,21.95,8.07,2.62,5.53,14.15,2.37,2.15,0.72,15.35,70.6,3.78
183,98.05,21.25,8,2.56,5.49,14.2,2.27,2.06,0.71,15,72,3.72
183.75,99.7,21.2,8.06,2.68,5.47,14.15,2.18,2.07,0.68,14.7,72.5,3.58
192,104.9,19.95,8.67,2.5,5.1,12.7,2.16,1.82,0.7,13.8,72.6,3.65
200,104.5,21.65,9.17,2.57,5.15,12.9,2.24,1.93,0.73,14.25,73.4,3.88
192.9,103,21.8,9.13,2.63,5.35,13.35,2.37,2.12,0.75,14.5,73.55,4.03
187.5,104,20.7,9,2.61,5.69,13.85,2.42,2.1,0.76,15.05,73.6,4.13
181,103.5,20.5,9,2.52,5.35,14.2,2.43,2.13,0.71,15,73.6,4.03
188,107.2,19.1,9.77,2.64,5.47,14.65,2.45,2.2,0.75,16.1,77.6,4.13
187,104,19.15,9.9,2.51,5.66,15.3,2.38,2.21,0.74,16.15,78.3,4.2
188,104,19,10.15,2.41,5.68,15.4,2.25,2.17,0.77,16.1,77.8,4.2
194.5,104.45,21.2,9.3,2.41,5.59,16.1,2.38,2.3,0.76,17,79.25,4.27
191.1,106,21.35,9.4,2.55,5.74,16.2,2.32,2.33,0.8,17.7,83.8,4.38
179,98.2,20.3,9.5,2.4,5.5,16.1,2.38,2.17,0.82,16.6,81.8,4.24
190,97,20.4,9.58,2.4,5.5,15.55,2.26,2.19,0.82,17,81,4.31
199,91.95,18.75,8.8,2.32,5.49,14.25,2.48,2.21,0.83,16.25,78.15,4.2
218,99,20.35,9.4,2.59,6.04,16.2,2.38,2.25,0.81,17.5,82.1,4.48
215,95,20,10,3,6,16,2.5,2,0.7,18,82,4.66
202,98,21.15,9.35,2.7,6.3,16.5,2.48,2.3,0.72,17.55,77,4.5
203,96.2,21.25,9.51,2.7,6.15,16.05,2.61,2.4,0.69,17.5,75.5,4.41
208,96.3,21.9,10.4,2.84,6.7,15.25,2.58,2.58,0.73,17.6,78,4.75
201,96.05,21.05,10.7,2.87,6.4,15.3,2.61,2.56,0.72,19,74.75,4.63
206,92.85,21.45,10.15,3.1,6.62,16.15,2.67,2.75,0.67,19.9,75.6,4.6
208,93.4,21.55,10.45,2.69,6.1,15.4,2.69,2.56,0.62,19,78,4.71
211.9,95.1,20.9,11.2,2.62,6.11,15.1,2.69,2.5,0.61,20,76.5,4.66
202,98.25,20.45,10.8,2.76,6.12,15.6,2.66,2.65,0.6,19.95,78.3,4.31
199,98,20.1,9.78,2.62,6.1,15.5,2.57,2.7,0.51,20,70,4.13
176.5,96,19.8,9.48,2.69,5.97,15.5,2.32,2.71,0.55,20.4,70,4.02
180.5,93,20.6,9.6,2.67,6.21,16,2.25,2.67,0.57,22.45,70,3.96
161.1,91.4,20,8.28,2.91,6.6,15.7,2.25,2.8,0.63,20.7,70.65,3.98
166,87,19.85,8.15,2.83,6.31,15.4,2.32,2.43,0.66,19.5,66.6,4.06
166,86,19.6,8,2.27,6.06,15.9,2.35,2,0.59,19.4,66.9,4.16
163.5,88.3,19.3,7.4,2.22,6.06,16,2.53,1.96,0.59,19.5,70,4.06
160.5,87.5,20,8,2.34,6.5,18,2.44,2.1,0.62,20.4,74,3.78
155,81.5,19,7.08,2.25,5.2,15.8,2.34,2.03,0.52,19.7,72,3.37
155,83.1,18.35,6.7,2.11,4.81,15.95,2.22,1.81,0.52,18.65,68,3.36
153.1,82.7,17.95,6.42,1.94,3.99,13.3,2.17,1.8,0.43,17.4,69.2,3.34
152,81,17.3,6.45,1.8,4,13.2,2.1,1.69,0.42,17.55,70,3.42
153,77.2,17.2,6.46,1.77,4,12.85,2.05,1.55,0.42,17.5,74.6,3.22
154,75,16.25,6.45,1.73,3.85,12.7,1.93,1.42,0.42,18.5,72.5,3.13
159.5,72.5,15.5,6.07,1.75,3.65,11.6,2,1.38,0.41,16.3,70.8,3.12
157,72.5,15.45,6.23,1.68,3.48,11.65,2.05,1.36,0.43,15.6,71.1,3.17
160,71.5,15.35,6.1,1.63,3.35,10.7,2,1.31,0.44,15.2,73,3.21
156,68.7,15.05,5.95,1.61,3.2,10.75,2.03,1.29,0.37,14.85,68.65,3.19
157,71,16.55,6.16,1.66,3.35,11.8,2.1,1.32,0.39,15.6,68.45,3.23
162,70.3,15.6,6.25,1.64,3.06,9.9,2.08,1.3,0.4,15.2,69.7,2.97
164.5,76.2,15.8,6.2,1.66,2.77,10.1,2.18,1.34,0.4,16,75,3.07
159,80.55,14.7,5.8,1.67,2.52,10.5,2.15,1.42,0.41,15.3,73.95,3.02
155,77.8,14.6,5.88,1.68,2.5,9.94,2.11,1.32,0.4,14,71.5,3.02
150,75.35,13.5,5.86,1.68,2.42,9.1,2.12,1.3,0.38,13,70,2.85
150,75,13.6,5.98,1.62,2.4,8.8,2.05,1.33,0.4,12.4,72.95,2.87
155,71.5,13.1,5.73,1.6,2.3,8.5,2.19,1.29,0.39,11.7,70.2,2.89
153,74.5,14.1,6.2,1.68,2.45,8.83,2.11,1.33,0.4,12.05,73.5,2.95
156,75.2,14.4,6.05,1.65,2.46,8.9,2.04,1.4,0.4,12.2,75.5,2.94
157,75.25,14.3,6.1,1.69,2.41,8.25,1.94,1.45,0.41,11.65,75.8,2.89
143.7,70.55,13.2,5.7,1.64,2.19,8.55,1.96,1.4,0.42,11.6,71.5,2.85
140,75,13.35,5.53,1.64,2.18,8.14,1.83,1.42,0.44,10.7,72.15,2.85
137,72.8,12.85,5.25,1.59,2.1,8.05,2.02,1.4,0.43,11.05,68.8,2.8
159.5,73.3,13.75,5.72,1.61,2.2,8.7,2.04,1.42,0.44,10.45,73.35,2.96
167,76.5,14.5,5.9,1.69,2.23,8.8,2.32,1.52,0.47,10.8,76,3.14
170,79.5,15.85,6.37,1.7,2.39,9.15,2.35,1.45,0.46,11.1,81.4,3.28
167.5,82.5,15.8,6.48,1.73,2.5,9.9,2.24,1.45,0.41,11.9,84,3.14
172,80.5,16.4,6.63,1.72,2.35,9.85,2.28,1.47,0.39,11.9,81.1,2.95
169,86.8,15.85,6.6,1.79,2.47,10.1,2.1,1.53,0.43,12.2,84.4,3.02
170,84.7,14.6,6.42,1.73,2.37,9.93,1.97,1.42,0.42,12.4,84,2.93
165,84,14.4,6.45,1.78,2.37,10,1.92,1.45,0.48,12.45,81.2,2.93
165,84.5,13.8,6.27,1.76,2.3,9.3,1.95,1.45,0.3,11.55,86.45,2.84
168.5,86.9,13.6,6.38,1.7,2.08,8.68,1.85,1.33,0.29,11,90.1,2.84
170,86,13.45,6.48,1.73,1.94,8.05,1.85,1.36,0.29,10.7,87,2.8
159,82.65,12.8,6.45,1.67,1.87,7.95,1.75,1.34,0.3,10.25,84,2.76
162,92,13.55,6.6,1.74,1.87,7.9,1.76,1.43,0.31,10.85,85.5,2.82
153,86,13.15,6.79,1.71,1.96,8,1.73,1.37,0.31,10.1,83,2.84
157,82,12.75,6.59,1.64,1.85,7.5,1.82,1.38,0.31,9.6,76.4,2.73
164,84.25,13.2,6.48,1.72,2.04,8.45,1.87,1.44,0.33,10.85,79.4,2.84
162,88,13,6.35,1.73,2.07,8.6,1.82,1.45,0.34,11.05,83.5,2.93
166,90.5,13.75,6.5,1.68,2.12,8.55,1.88,1.49,0.35,11.15,87.95,2.99
168,87.3,13.65,6.27,1.68,2.13,8.42,1.86,1.48,0.33,10.75,93,2.98
163,83,12.8,6.05,1.81,2.18,8.1,1.63,1.54,0.31,11,92,3.03
156.5,80.5,12.35,6.1,1.69,2.04,7.85,1.51,1.46,0.29,11.1,91.5,2.8
150,77,12.5,6.18,1.71,2.13,7.98,1.53,1.41,0.3,10.85,91.5,2.67
150,76.3,12.8,6.34,1.61,2.05,7.9,1.52,1.35,0.29,10.9,93.3,2.59
150,76,12.5,6.54,1.58,1.97,7.85,1.48,1.3,0.31,10.55,96,2.52
143,75.5,12.5,6.38,1.64,2,8,1.56,1.31,0.31,10.75,96,2.46
139,78.05,12.65,6.48,1.73,2.14,8,1.56,1.44,0.33,10.85,95,2.53
141,77.1,13.2,6.42,1.68,2.19,8.65,1.58,1.43,0.32,12.15,95.8,2.56
145,77.5,13.2,6.5,1.71,2.2,8.35,1.5,1.56,0.35,12.5,94.4,2.5
143,68,12.3,6.49,1.67,2.22,7.65,1.67,1.49,0.3,11.5,87.65,2.37
148,76.9,13.65,6.95,1.84,2.25,8.7,1.5,1.63,0.34,11.8,95,2.63
152,72.45,13.25,7.12,1.88,1.97,8.02,1.48,1.66,0.51,10.3,95.4,2.61
145,71,13.35,7.08,1.91,1.98,8.1,1.48,1.53,0.55,9.97,90.2,2.66
141,65.2,12.05,6.8,1.9,1.83,7,1.45,1.44,0.52,9.44,88,2.62
146,67.65,11.2,7.32,1.83,1.68,7,1.34,1.44,0.54,9,86,2.61
149,67,10.8,7.2,1.68,1.68,6.9,1.21,1.27,0.5,8.68,85,2.43
147,62.4,10.8,7.2,1.66,1.54,7.2,1.12,1.21,0.51,8.75,84,2.25
140,57.9,11.1,7.1,1.57,1.53,7.25,1.15,1.18,0.5,8.61,81.15,2.22
149,56.95,11.4,7,1.49,1.52,6.9,1.2,1.14,0.52,8.65,79,2.25
147,59,11.6,6.9,1.41,1.53,6.8,1.17,1.14,0.51,7.65,86,2.25
143,58.7,11.4,6.85,1.36,1.42,6.32,1.16,1.11,0.49,6.55,82,2.25
136,60,10.6,7.5,1.42,1.49,6.38,1.08,1.19,0.5,7.12,81.7,2.37
138.5,59.8,10.6,7.2,1.32,1.4,5.96,0.94,1.2,0.53,6.7,81.5,2.29
133.2,57.1,10.2,7.1,1.28,1.37,5.53,0.92,1.14,0.55,6.3,81.4,2.16
138,55.2,10.3,6.8,1.27,1.38,5.56,0.85,1.13,0.45,6.7,79.9,2.15
143,48.8,9.65,6.3,1.18,1.26,4,0.85,1.1,0.45,6.4,71.9,2.04
132,50.1,10,6.3,1.28,1.33,5.55,0.76,1.2,0.51,6.2,76,2.18
118,55,9.4,6.3,1.21,1.23,5.45,0.73,1.05,0.53,6,82.5,2.18
116,51.8,8.6,6.25,1.13,2.5,5.3,0.78,1.05,0.53,5.8,79.5,1.95
135,57,8.1,6.3,1.18,1.2,5.8,0.71,1.07,0.54,5.9,85.8,2.02
132,58.1,7.9,6.5,1.14,1.18,6.1,0.69,1,0.43,6.1,81.5,1.79
140,61.6,6.9,7,1.09,1.06,5.42,0.86,0.94,0.34,5.4,88,1.71
119,55.8,7.85,7,1.15,1.09,5.2,0.85,1,0.37,5.87,79,1.82
109.5,51.5,7.4,6.98,1.08,1.1,4.82,0.81,1.01,0.26,5.55,73,1.67
108,52.95,7.85,6.98,1.06,0.93,4.53,0.65,1,0.27,5.4,73.5,1.68
108.5,50,6.8,6.7,0.96,0.74,3.8,0.61,0.8,0.24,4.25,65,1.49
99.9,46.55,6.2,6.4,0.99,0.75,3.6,0.65,0.75,0.24,3.96,62,1.47
100,43.5,6.18,6.2,0.99,0.78,3.48,0.67,0.78,0.25,3.91,64,1.46
97.3,42.5,5.65,6,0.96,0.75,3.44,0.68,0.71,0.26,3.85,66.45,1.44
96,42.2,5.98,6,1,0.71,3.32,0.65,0.73,0.26,3.77,66.3,1.39
99,37.95,5.9,6,1,0.64,3.08,0.63,0.69,0.25,3.85,60,1.38
94,37.65,5.5,6,0.93,0.63,2.75,0.62,0.65,0.26,3.8,62.5,1.36
64,34.45,5.4,5.4,0.99,0.68,2.78,0.65,0.7,0.25,3.73,55.5,1.28
75.5,29.75,5.1,6.3,1.01,0.62,2.55,0.68,0.67,0.25,3.59,50.05,1.24
106,31.5,5.25,6.3,1,0.66,2.8,0.82,0.63,0.25,3.55,51.2,1.31
124,36,5.18,6.3,1.02,0.69,2.85,0.86,0.67,0.27,3.75,49.5,1.32
152,39.6,5.82,6.3,1.01,0.76,3.15,0.89,0.73,0.29,3.83,55,1.6
153.5,40.7,6.06,6.7,0.95,0.72,3.3,0.9,0.74,0.31,3.85,52.5,1.71
149.9,34.95,5.7,6.5,0.96,0.73,3.22,0.92,0.76,0.29,3.7,45.6,1.74
152,35.6,5.75,6.5,1,0.73,3.33,0.92,0.81,0.31,3.85,43.2,1.77
155,36.5,5.77,6.5,1.02,0.75,3.67,1.01,0.85,0.31,4,37.6,1.8
154,39.55,6.2,6.6,1.03,0.82,3.82,1.11,0.81,0.31,4.1,37.6,2.21
160,38.7,6.09,7,1.04,0.86,3.9,1.12,0.78,0.3,4.02,37.6,2.22
160,36.5,6,6.5,0.95,0.85,3.85,1.19,0.7,0.29,4,37.6,2.16
159,37,6.3,6.5,1,0.83,4.05,1.23,0.78,0.29,4,42.5,2.18
160,37,6.41,6.5,1.06,0.79,3.92,1.08,0.79,0.23,3.98,41,2.31
162,35.8,5.8,7.5,1.1,0.68,3.4,1.15,0.76,0.22,3.65,31.4,2.11
161,34.6,5.75,7.5,0.89,0.68,3.35,1.15,0.69,0.23,3.6,35,2.07
159,34.25,4.85,7.4,0.79,0.61,2.64,1.42,0.64,0.23,2.75,31,1.98
169.7,41.7,5.03,7.4,0.8,0.71,3.05,1.51,0.66,0.24,3.3,38,2.02
177,43,5.85,7.4,0.86,0.81,3.65,1.35,0.7,0.29,3.66,54.3,2.37
153,39,4.7,7.5,0.78,0.71,3.1,1.15,0.69,0.26,2.7,50.5,2.59
143,29,3.85,7.5,0.78,0.66,2.4,1.42,0.56,0.21,2.65,38.5,1.92
137,41,7.3,7.5,1.15,1.13,4.07,1.45,0.98,0.3,4.1,46.6,2.67
148,47.5,7,6.3,1.12,1.14,3.9,1.65,0.9,0.29,5.13,42,2.5
148,47,7.5,8.45,1.25,1.4,4.75,1.89,1.06,0.32,5.9,51,2.88
151.8,62.9,8.37,9.1,1.36,1.5,5.1,1.92,1.24,0.36,6.25,67,3.19
151.5,76.8,7.5,8.45,1.37,1.44,5.15,1.81,1.22,0.38,5.8,75,3.26
150,69,7.68,8.1,1.29,1.22,4.97,1.89,1.35,0.38,5.99,67,3.15
148,71.9,8.1,9.51,1.45,1.5,5.84,1.95,1.53,0.41,6.2,71.5,3.54
147,83.45,8.33,8.5,1.41,1.45,5.72,2.08,1.5,0.45,6.1,80,3.3
147,82,8.11,8.6,1.39,1.38,5.5,1.98,1.55,0.4,6,81.25,3.24
145,78,8.32,10,1.78,1.55,5.26,2.02,2.07,0.45,5.81,83.5,3.58
145,84,8.32,10,1.42,1.55,5.26,2.04,2.07,0.45,5.81,83.5,3.58
145,91,8.32,10,1.58,1.55,5.26,1.98,2.07,0.45,5.81,83.5,3.58
145,92.25,8.35,10,1.75,1.55,5.35,2.03,2.09,0.45,5.78,81.1,3.65
147,95.8,8.33,10,1.65,1.63,5.45,2.01,1.79,0.4,5.55,91,3.73
150.5,108.2,8.25,10,1.44,1.49,5,2.12,1.49,0.37,5.2,99.2,3.89
151,109.3,9.15,10,1.45,1.59,5.55,2.34,1.69,0.41,5.52,106.2,3.82
151.5,117,9.44,9.6,1.52,1.61,5.7,2.23,1.85,0.45,5.53,113,4.12
152,109,10.2,9.9,1.57,1.74,5.75,2.27,2.02,0.47,6.08,107.3,4.21
151.5,101,11.05,10.1,1.69,1.66,5.69,2.33,2.28,0.48,6.36,108.6,4.34
152,104.5,12,11.4,1.84,1.72,6.3,2.28,2.5,0.5,6.9,110,4.55
154,97,12.05,11.4,1.9,1.74,6.51,2.23,2.65,0.51,7.22,113,4.65
155,97.5,12.15,11,1.96,1.86,6.9,2.04,2.79,0.53,6.97,118,4.66
150,96.95,11.5,10.95,1.82,1.86,6.9,2.05,2.83,0.5,6.28,116,4.55
148,87.3,12,11.2,1.99,1.96,6.62,1.98,2.95,0.54,7.06,105,4.41
144,86.5,11.4,10.6,2.07,2,6.86,2,2.97,0.55,7.3,101,4.46
146,84.5,11.25,10.8,2.18,2.05,6.6,2.04,3.03,0.56,7.55,103,4.47
144,89.55,12.4,10,2.35,2.18,7.5,1.88,3.23,0.59,8,101,4.55
137,81,13.1,9.25,2.35,2.18,6,2.01,3.2,0.58,7.9,90.25,4.47
142,81.7,13.8,9.1,2.41,2.18,7.93,1.98,3.25,0.6,8.34,90.75,4.64
140,80.15,13.5,8.5,2.41,2.13,7.9,1.95,3.11,0.6,8.04,82.75,4.64
136,75.5,12.15,8.2,2.28,2.09,7.65,1.99,3.02,0.61,7.6,78.35,4.33
140,75,13,8.8,2.28,2.18,7.75,1.93,2.85,0.64,5,84.25,4.43
131,74.05,13.6,9.4,2.47,2.28,8.3,2.03,3.09,0.67,6,90,4.51
129,71,14.5,9.6,2.45,2.28,8.35,2.02,3.17,0.62,6,94,4.48
133.8,66.75,14.6,9.9,2.35,2.21,7.91,2.02,3.05,0.59,7.6,95,4.55
126.25,61,14.7,9.4,2.27,2.2,8.1,2,3.07,0.59,7.55,92.75,4.52
122.5,61,13.25,10.2,2.25,2.09,7.95,2.08,3.14,0.59,7.33,89.5,4.32
121,65.25,13.25,9.7,2.3,2.06,7.94,2,3.4,0.6,7.85,90,4.31
124,61.55,12.6,9.4,2.12,1.95,7.58,1.86,3.32,0.58,7.4,81,4.29
120,56.9,12.7,9.4,2.2,2,7.1,1.98,3.3,0.56,6.93,72.47,4.35
136,64.2,14.7,10,2.34,2.27,7.88,1.95,3.45,0.6,7.55,88.5,4.59
138.5,68,13.7,11,2.46,2.26,7.85,1.88,3.44,0.61,7.3,87.5,4.56
130,70.3,14.3,9.3,2.43,2.3,8.45,1.92,3.45,0.64,7.7,91.5,4.59
125,70,14.4,9.2,2.57,2.23,8.1,1.95,3.5,0.6,7.47,90,4.51
118,70.5,14.95,10,2.61,2.3,8.45,2.06,3.47,0.67,7.6,83,4.65
118,73.8,15.7,9.8,2.72,2.45,9.16,2.03,3.59,0.67,8.05,84,4.73
120,73.95,16.5,8.4,2.71,2.35,8.96,1.94,3.65,0.66,7.99,75,4.66
124,73.5,15.75,8.6,2.78,2.37,9.03,1.99,3.65,0.67,8.23,80,4.7
124,73.9,16,8.05,2.93,2.41,9.5,2.05,3.62,0.7,8.6,82.5,4.76
126.5,74,15.7,9,2.93,2.43,9.6,2.12,3.8,0.73,9,87.5,4.88
132.5,81,15.15,9,2.9,2.43,9.5,2.09,3.97,0.8,8.63,71.5,4.83
142,85,14.9,9,2.86,2.6,10.2,1.96,4,0.73,9.2,73.25,5.21
132,80.85,15.7,7.9,2.6,2.45,9.56,1.92,3.67,0.58,9.5,63.45,5.05
127,84,16.3,8.8,2.74,2.54,9.77,1.95,3.77,0.61,9.8,67,5.05
124,83.8,15.8,8,2.82,2.6,10,1.78,3.85,0.62,9.95,62,5.03
123.9,85,15.5,7.5,2.79,2.49,9.4,1.72,3.89,0.56,9.35,60.65,4.94
123,82.75,15.1,8.15,2.66,2.5,9.36,1.68,3.5,0.56,9.06,58,4.75
117,73.8,14.8,7.1,2.6,2.45,9,1.6,3.38,0.56,8.9,52,4.74
126.8,70.25,15.2,7.1,2.63,2.47,9.05,1.56,3.5,0.58,8.4,51.5,4.96
125.5,75.15,16.6,7.4,2.58,2.57,9.85,1.58,3.5,0.57,8.7,49.75,4.8
125,75.5,16.9,7.1,2.55,2.65,10.25,1.55,3.28,0.54,9.05,47.5,4.77
111,72,13.9,7.4,2.36,2.4,9.5,1.61,3.05,0.55,8.12,44.75,4.27
123.2,77.8,13.65,7.53,2.6,2.58,9.7,1.68,3.25,0.63,9.15,49,4.61
130,75,13.2,7.6,2.72,2.78,10.3,1.62,3.28,0.59,9.15,50,4.7
134.5,77,13.95,8.05,2.76,2.83,10.7,1.71,3.4,0.58,8.9,51.25,4.66
142,78,14.25,8.3,3,3.07,11.2,1.69,3.64,0.55,10.05,55,4.87
141,79.3,14.8,8.3,2.98,3.06,11.15,1.72,3.82,0.5,10.3,53,5.12
139,79,15.5,9.1,2.79,3,10.9,1.72,3.42,0.48,10.2,51.75,5.15
139,75.6,15.3,8,2.79,2.99,11.05,1.75,3.17,0.46,10.3,48.25,4.86
139.5,73.3,15.55,7.8,2.82,3.07,11.1,1.76,3.34,0.46,10.25,46.25,4.82
130.5,73.4,15.9,7.65,2.68,3.12,11.6,1.69,3.02,0.44,10.7,46.65,4.73
129,71,16.1,7.75,2.66,3.07,11.35,1.7,2.84,0.47,10.1,41.95,4.79
131,75,17.2,8.5,2.61,3.25,12.3,1.63,2.84,0.5,10.8,42.45,4.73
128,72,16.5,7.2,2.7,3.18,12.1,1.63,2.75,0.47,10.95,40.75,4.4
127.9,71.5,15.95,7.5,2.69,3.28,12.2,1.58,2.75,0.48,11.2,41.15,4.1
127.8,68.5,15.05,7.33,2.72,3.03,12.05,1.6,2.78,0.49,11.15,38.75,4.03
129.75,69.7,14.45,7.55,2.68,3.14,12.35,1.68,2.77,0.5,11.4,38.9,3.78
130,72.2,14.35,7.5,2.85,3.25,12.25,1.7,2.76,0.51,11.25,39.35,3.73
